"","n","N.avg","N.sd","N.CI","T.avg","T.sd","T.CI","S.avg","S.sd","S.CI","Year","Vegetation","Turn","Nest","Sum"
"1",500,0.142943767949223,0.0289961733567494,0.0168625383685085,0.459023424722143,0.0670457807020955,0.0389900431214154,0.601967192671366,0.0383489833342114,0.0223016049362911,"2014","Emergent",0.481,0.132,0.614
"2",500,0.135887009540923,0.0249082251426597,0.0144852183421569,0.462531224043014,0.0597101274536095,0.034724041092845,0.598418233583937,0.0350740996416344,0.0203971173599803,"2015","Emergent",0.446,0.143,0.589
"3",500,0.0634652201109918,0.0116663183644907,0.0078340340601711,0.562348951705871,0.0543472614012312,0.0364946578339715,0.625814171816863,0.0428646253189521,0.0287839680209002,"2014","Meadow",0.406,0.1,0.506
"4",500,0.118100645840951,0.0167312762111186,0.0112351972244292,0.504174760709968,0.0452626047358637,0.0303942320168541,0.622275406550919,0.0287345971748451,0.0192955314555964,"2015","Meadow",0.563,0.094,0.656
"5",500,0.21712737779995,0.0350285077763855,0.0235219470636443,0.323184193523132,0.0717759925435617,0.0481982020995013,0.540311571323081,0.0371665720091199,0.0249576757570302,"2014","Invaded",0.395,0.183,0.578
"6",500,0.126723403461202,0.0249646804211859,0.0167639996278632,0.36561990383952,0.077341583382427,0.0519355446641752,0.492343307300722,0.052653864817983,0.0353575273274937,"2015","Invaded",0.281,0.151,0.432
