Year,Vegetation,Turn,T.avg,T.CI,Nest,N.avg,N.CI,Sum,S.avg,S.CI
2014,Emergent,0.481,0.412366523,0.041615399,0.132,0.131188606,0.014670296,0.614,0.543555129,0.027135167
2015,Emergent,0.446,0.420858283,0.053737358,0.143,0.071696457,0.011097476,0.589,0.49255474,0.042745449
2014,Invaded,0.395,0.365655889,0.047142381,0.183,0.126587141,0.015284258,0.578,0.49224303,0.032082481
2015,Invaded,0.281,0.329729071,0.048226083,0.151,0.214197149,0.023473348,0.432,0.54392622,0.025065195
2014,Meadow,0.406,0.504801394,0.031387235,0.1,0.118021307,0.0115283,0.506,0.6228227,0.020004703
2015,Meadow,0.563,0.561803648,0.037010038,0.094,0.063493967,0.007965041,0.656,0.625297614,0.029168994
