"","n","N.avg","N.sd","N.CI","T.avg","T.sd","T.CI","S.avg","S.sd","S.CI","Veg","Year","N.up","N.low","T.up","T.low","S.up","S.low"
"1",500,0.0646952914556377,0.0120852609490823,0.00811535764267645,0.55645782303754,0.0561594319864591,0.0377115461138873,0.621153114493178,0.0442638294564251,0.029723545746077,"Meadow","2014",0.0728106490983141,0.0565799338129613,0.594169369151427,0.518746276923653,0.650876660239255,0.591429568747101
"2",500,0.117084853760088,0.017581111566734,0.0118058690433719,0.507276876147628,0.0479825290362905,0.0322206847969777,0.624361729907716,0.0305755599755861,0.0205317539581821,"Meadow","2015",0.12889072280346,0.105278984716716,0.539497560944606,0.47505619135065,0.644893483865898,0.603829975949534
"3",500,0.217322419037957,0.0368755437933464,0.0247622477836449,0.323867577350826,0.0750068045412505,0.0503677204034885,0.541189996388783,0.0385229708056122,0.0258685093241338,"Invaded","2014",0.242084666821602,0.192560171254312,0.374235297754314,0.273499856947337,0.567058505712917,0.515321487064649
"4",500,0.125821181232689,0.0256291859165904,0.0172102208367765,0.368517956531742,0.0792162567521843,0.0531944041065058,0.494339137764431,0.0538642946787145,0.0361703414870388,"Invaded","2015",0.143031402069466,0.108610960395913,0.421712360638247,0.315323552425236,0.53050947925147,0.458168796277392
"5",500,0.0674063036380672,0.0193007177144431,0.0112242084152043,0.417446864369695,0.09925920389925,0.0577235524696956,0.484853168007763,0.080138479176188,0.0466040178225049,"Emergent","2014",0.0786305120532715,0.0561820952228629,0.475170416839391,0.3597233119,0.531457185830268,0.438249150185258
"6",500,0.120944871677403,0.0207539803058498,0.0120693439406963,0.427278052662488,0.0610210895393651,0.0354864226732948,0.54822292433989,0.040509596600866,0.0235580957035458,"Emergent","2015",0.133014215618099,0.108875527736706,0.462764475335782,0.391791629989193,0.571781020043436,0.524664828636345
