"","Turnover","Nestedness","Sum","Vegetation","Year","N"
"1",0.660130718954248,0.0837116455777713,0.74384236453202,"Uninvaded","2014","14"
"2",0.685185185185185,0.0961652971299274,0.781350482315113,"Uninvaded","2015","14"
"3",0.394736842105263,0.183244809270884,0.577981651376147,"Invaded","2014","6"
"4",0.28125,0.150848765432099,0.432098765432099,"Invaded","2015","6"
