Year,Vegetation,Turn,T.avg,T.CI,Nest,N.avg,N.CI,Sum,S.avg,S.CI
2014,Emergent,0.481,0.412366523,0.005263978,0.132,0.131188606,0.001855662,0.614,0.543555129,0.003432357
2015,Emergent,0.446,0.420858283,0.006797298,0.143,0.071696457,0.001403732,0.589,0.49255474,0.005406919
2014,Invaded,0.395,0.365655889,0.005164189,0.183,0.126587141,0.001674307,0.578,0.49224303,0.00351446
2015,Invaded,0.281,0.329729071,0.005282903,0.151,0.214197149,0.002571376,0.432,0.54392622,0.002745755
2014,Meadow,0.406,0.504801394,0.003438299,0.1,0.118021307,0.001262862,0.506,0.6228227,0.002191405
2015,Meadow,0.563,0.561803648,0.004054247,0.094,0.063493967,0.000872527,0.656,0.625297614,0.003195303
