"","n","N.avg","N.sd","N.CI","T.avg","T.sd","T.CI","S.avg","S.sd","S.CI","Veg","Year","N.up","N.low","T.up","T.low","S.up","S.low"
"1",500,0.118021306599558,0.0171677599848264,0.0115282998677058,0.504801393610925,0.0467413684798252,0.031387234708466,0.622822700210483,0.0297906838711775,0.0200047028403534,"Meadow","2014",0.129549606467264,0.106493006731853,0.536188628319391,0.473414158902459,0.642827403050837,0.60281799737013
"2",500,0.0634939665714469,0.0118614115225076,0.00796504080943503,0.561803647636907,0.0551147571948176,0.0370100379222,0.625297614208354,0.0434379999772141,0.0291689940815412,"Meadow","2015",0.0714590073808819,0.0555289257620119,0.598813685559107,0.524793609714707,0.654466608289895,0.596128620126812
"3",500,0.126587141405664,0.0227610725093072,0.0152842577849298,0.365655888591117,0.0702036808558137,0.0471423811515223,0.49224302999678,0.0477767187812691,0.0320824814240372,"Invaded","2014",0.141871399190594,0.111302883620734,0.412798269742639,0.318513507439594,0.524325511420818,0.460160548572743
"4",500,0.214197149339919,0.0349561347389589,0.0234733479407227,0.3297290708898,0.0718175120512911,0.0482260828093835,0.543926220229719,0.0373266874219596,0.0250651946467566,"Invaded","2015",0.237670497280641,0.190723801399196,0.377955153699184,0.281502988080417,0.568991414876476,0.518861025582962
"5",500,0.131188606067854,0.0252264778924061,0.0146702961845831,0.412366523281629,0.0715602425318477,0.0416153994013896,0.543555129349483,0.046660590420641,0.0271351666506082,"Emergent","2014",0.145858902252437,0.116518309883271,0.453981922683019,0.370751123880239,0.570690296000091,0.516419962698875
"6",500,0.0716964573519455,0.0190827934193625,0.0110974759411631,0.420858282619583,0.0924046963097591,0.0537373576086375,0.492554739971528,0.0735034319167617,0.0427454487067668,"Emergent","2015",0.0827939332931086,0.0605989814107824,0.47459564022822,0.367120925010945,0.535300188678295,0.449809291264761
