,Veg,Year,n,N.avg,N.sd,N.CI,T.avg,T.sd,T.CI,S.avg,S.sd,S.CI,Nest true,N.up,N.low,Turn true,T.up,T.low,Sum true,S.up,S.low
1,Meadow,2014,500,0.118021307,0.01716776,0.001262862,0.504801394,0.046741368,0.003438299,0.6228227,0.029790684,0.002191405,0.1,0.119284169,0.116758445,0.406,0.508239693,0.501363094,0.506,0.625014106,0.620631295
2,Meadow,2015,500,0.063493967,0.011861412,0.000872527,0.561803648,0.055114757,0.004054247,0.625297614,0.043438,0.003195303,0.094,0.064366493,0.06262144,0.563,0.565857894,0.557749401,0.656,0.628492917,0.622102311
3,Invaded,2014,500,0.126587141,0.022761073,0.001674307,0.365655889,0.070203681,0.005164189,0.49224303,0.047776719,0.00351446,0.183,0.128261448,0.124912835,0.395,0.370820078,0.360491699,0.578,0.49575749,0.48872857
4,Invaded,2015,500,0.214197149,0.034956135,0.002571376,0.329729071,0.071817512,0.005282903,0.54392622,0.037326687,0.002745755,0.151,0.216768526,0.211625773,0.281,0.335011974,0.324446168,0.432,0.546671975,0.541180466
5,Emergent,2014,500,0.131188606,0.025226478,0.001855662,0.412366523,0.071560243,0.005263978,0.543555129,0.04666059,0.003432357,0.132,0.133044268,0.129332944,0.481,0.417630501,0.407102545,0.614,0.546987487,0.540122772
6,Emergent,2015,500,0.071696457,0.019082793,0.001403732,0.420858283,0.092404696,0.006797298,0.49255474,0.073503432,0.005406919,0.143,0.073100189,0.070292725,0.446,0.42765558,0.414060985,0.589,0.497961659,0.487147821
