"","n","N.avg","N.sd","N.CI","T.avg","T.sd","T.CI","S.avg","S.sd","S.CI","Year","Vegetation","Turn","Nest","Sum"
"1",1000,0.144860145373742,0.0297752064511961,0.0173155800607285,0.454894240432185,0.0679519701841216,0.0395170317940861,0.599754385805926,0.0385056669960466,0.0223927233134268,"2014","Emergent",0.481,0.132,0.614
"2",1000,0.134355752958172,0.02405123860707,0.0139868433269478,0.465765087692288,0.0581155118167049,0.0337967026116772,0.600120840650461,0.0343357028453585,0.019967707445948,"2015","Emergent",0.446,0.143,0.589
"3",1000,0.0645848547150492,0.0128375592319627,0.00862053247053232,0.55725144173118,0.0593396502475732,0.0398470902845468,0.621836296446229,0.0466898998991925,0.0313526731097587,"2014","Meadow",0.406,0.1,0.506
"4",1000,0.117011985268042,0.0180327531994289,0.0121091503205478,0.507668529871785,0.0489811855244778,0.0328912912983983,0.624680515139827,0.0311394461378357,0.0209104084113786,"2015","Meadow",0.563,0.094,0.656
"5",1000,0.214559512527817,0.0349553566715168,0.0234728254616807,0.329031575082092,0.072143297779406,0.0484448507540454,0.543591087609909,0.0375866015341442,0.0252397292294722,"2014","Invaded",0.395,0.183,0.578
"6",1000,0.126869192162979,0.0245839335787058,0.0165083248177731,0.364866819392928,0.0761123718919898,0.0511101184772344,0.491736011555907,0.0517929329067393,0.0347794040751144,"2015","Invaded",0.281,0.151,0.432
