"","n","N.avg","N.sd","N.CI","T.avg","T.sd","T.CI","S.avg","S.sd","S.CI","Year","Vegetation","Turn","Nest","Sum"
"1",1000,0.0698327516681533,0.0106466179436417,0.00468031311505637,0.695662668145119,0.0284431103733499,0.0125037512586698,0.765495419813272,0.0178997059289611,0.00786881137826512,"2014","Remnant",0.660130718954248,0.0837116455777713,0.74384236453202
"2",1000,0.107513354140151,0.0135300633532398,0.00594789193102684,0.662999713916483,0.0265652613941249,0.0116782382880638,0.770513068056634,0.0131247339799496,0.00576970685931956,"2015","Remnant",0.685185185185185,0.0961652971299274,0.781350482315113
"3",1000,0.213963191717052,0.0346864153178956,0.0232922290079726,0.329999710915881,0.0711609369457005,0.0477851869260762,0.543962902632933,0.0368799130127172,0.0247651817523827,"2014","Invaded",0.394736842105263,0.183244809270884,0.577981651376147
"4",1000,0.127453072308294,0.0237359691331024,0.0159389093311454,0.36335095024991,0.0736545406699101,0.0494596634745207,0.490804022558205,0.0501744022788917,0.0336925467076195,"2015","Invaded",0.28125,0.150848765432099,0.432098765432099
