"","n","N.avg","N.sd","N.CI","T.avg","T.sd","T.CI","S.avg","S.sd","S.CI","Year","Vegetation","Turn","Nest","Sum"
"1",1000,0.14596850654524,0.0310977808224907,0.0180847146912459,0.452034201773123,0.0712046795943625,0.0414086240589333,0.598002708318363,0.0404592125453311,0.0235287951796744,"2014","Emergent",0.481,0.132,0.614
"2",1000,0.134038594674641,0.0252552188396156,0.014687010297825,0.466966045158343,0.0610496177000642,0.0355030130419084,0.601004639832984,0.0360435906612819,0.0209609186352587,"2015","Emergent",0.446,0.143,0.589
"3",1000,0.0649064631379256,0.012751201481542,0.0085625424914302,0.555772310427515,0.0584121523202156,0.0392242673744698,0.62067877356544,0.0458532836856861,0.0307908780595011,"2014","Meadow",0.406,0.1,0.506
"4",1000,0.116805079054958,0.0169470760491314,0.0113801086890706,0.50794483464936,0.0465068130856712,0.0312297287250538,0.624749913704318,0.0297638182737156,0.0199866623584303,"2015","Meadow",0.563,0.094,0.656
"5",1000,0.216408483764124,0.0355503337659204,0.0238723577457273,0.325023987919079,0.0728019978159838,0.0488871735469577,0.541432471683203,0.0376674541581187,0.0252940224683742,"2014","Invaded",0.395,0.183,0.578
"6",1000,0.125409953963019,0.0231871246232138,0.0155703554780899,0.369419581240482,0.0721838506234508,0.0484720823408715,0.494829535203501,0.0492650179333421,0.0330818872249754,"2015","Invaded",0.281,0.151,0.432
