,n,N.avg,N.sd,N.CI,T.avg,T.sd,T.CI,S.avg,S.sd,S.CI,Year,Vegetation,Turn,Nest,Sum
1,1000,0.069832752,0.010646618,0.004680313,0.695662668,0.02844311,0.012503751,0.76549542,0.017899706,0.007868811,2014,Remnant,0.660130719,0.083711646,0.743842365
2,1000,0.107513354,0.013530063,0.005947892,0.662999714,0.026565261,0.011678238,0.770513068,0.013124734,0.005769707,2015,Remnant,0.685185185,0.096165297,0.781350482
3,1000,0.213963192,0.034686415,0.023292229,0.329999711,0.071160937,0.047785187,0.543962903,0.036879913,0.024765182,2014,Invaded,0.394736842,0.183244809,0.577981651
4,1000,0.127453072,0.023735969,0.015938909,0.36335095,0.073654541,0.049459663,0.490804023,0.050174402,0.033692547,2015,Invaded,0.28125,0.150848765,0.432098765
