Year,Month,Average,Stdev
1918-2013,May,174.2975,0.332720841
1918-2013,June,174.3298958,0.32905445
1918-2013,July ,174.3129167,0.323168252
1918-2013,August,174.249375,0.313713958
2014,May,174.35,
2014,June,174.4,
2014,July ,174.4,
2014,August,174.37,
2015,May,174.31,
2015,June,174.53,
2015,July ,174.74,
2015,August,174.62,
